Index,AUC
3,0.7498350089739276
4,0.7293865366963183
19,0.7032256874837113
6,0.7028915808152285
18,0.6948533828005382
10,0.6881799940075086
13,0.6826615708771491
1,0.6730729767740312
12,0.6684431588948923
17,0.664872332695584
14,0.6638094741616838
20,0.6634122788905843
16,0.6587734405735605
2,0.6522711152670978
8,0.6497952252678005
7,0.6494185134066521
5,0.6458546549151815
15,0.641255788350952
11,0.6247962694965992
9,0.6210439952871024
